x,y
-3.0,-35.8
-2.75,-28.09
-2.5,-16.82
-2.25,-16.57
-2.0,3.01
-1.75,-12.47
-1.5,-11.28
-1.25,2.26
-1.0,8.03
-0.75,3.95
-0.5,6.95
-0.25,11.18
0.0,2.44
0.25,-5.4
0.5,-0.13
0.75,8.55
1.0,-6.16
1.25,2.3
1.5,3.21
1.75,-0.59
2.0,5.34
2.25,4.3
2.5,14.74
2.75,4.74
3.0,-2.16
3.25,-1.08
3.5,-1.55
3.75,10.71
4.0,3.6
4.25,9.09
4.5,17.06
4.75,11.87
5.0,18.74
5.25,14.43
5.5,24.69
5.75,34.27
6.0,47.49
6.25,60.36
6.5,62.2
6.75,73.97
7.0,84.51
7.25,102.17
7.5,114.3
7.75,125.01
8.0,132.93
8.25,161.3
8.5,176.35
8.75,200.95
9.0,214.32
9.25,248.57
9.5,258.53
9.75,295.61
10.0,313.69
